{
    "$schema": "https://schema.management.azure.com/schemas/2015-01-01/deploymentParameters.json#",
    "contentVersion": "1.0.0.0",
    "parameters": {
        "workbooks_3fd19b40_db28_48fb_bbba_ce8a7ae555bf_serializedData": {
            "value": null
        },
        "virtualNetworks_Lab1VM1_name": {
            "value": null
        },
        "networkInterfaces_Lab1VM1_name": {
            "value": null
        },
        "templateSpecs_day2_az500_name": {
            "value": null
        },
        "templateSpecs_Semana1_data_name": {
            "value": null
        },
        "networkSecurityGroups_Lab1VM1_name": {
            "value": null
        },
        "workspaces_analitycs_name": {
            "value": null
        },
        "publicIPAddresses_tutorialPublicIp_name": {
            "value": null
        },
        "storageAccounts_cs71003200216c8615b_name": {
            "value": null
        },
        "actionGroups_Seguridad_Alerta_Minitor_name": {
            "value": null
        },
        "workbooks_3fd19b40_db28_48fb_bbba_ce8a7ae555bf_name": {
            "value": null
        },
        "solutions_SecurityInsights_analitycs__name": {
            "value": null
        }
    }
}