{
    "$schema": "https://schema.management.azure.com/schemas/2015-01-01/deploymentParameters.json#",
    "contentVersion": "1.0.0.0",
    "parameters": {
        "azureFirewalls_Firewall_name": {
            "value": null
        },
        "virtualMachines_Lab02Week2_name": {
            "value": null
        },
        "virtualNetworks_Week2_vnet_name": {
            "value": null
        },
        "virtualNetworks_FirewallNSG_name": {
            "value": null
        },
        "networkInterfaces_lab02week261_name": {
            "value": null
        },
        "bastionHosts_Week2_vnet_bastion_name": {
            "value": null
        },
        "publicIPAddresses_Lab02Week2_ip_name": {
            "value": null
        },
        "publicIPAddresses_Week2_vnet_ip_name": {
            "value": null
        },
        "networkSecurityGroups_Lab02Week2_nsg_name": {
            "value": null
        },
        "publicIPAddresses_Public_ip_Firewall_name": {
            "value": null
        }
    }
}